,coords,count_cleaned_intersections,count_nonplanar_intersections,count_planar_intersections,distance,edge_length_ratio,is_planar,mean_edge_length,mean_planar_segment_length,name,network_type,nodes,overcount_nonplanar_cleaned,overcount_planar_cleaned,overcount_planar_nonplanar,phi,runtime
0,"(37.81457038291894, -122.25529153926769)",205,251,291,805,0.8839847127859545,False,117.96546722043148,104.27966965951404,"00_Oakland, California, USA",drive,300,1.224390243902439,1.4195121951219511,1.159362549800797,0.8625429553264604,24.029637098312378
1,"(37.80568383476944, -122.25476751037529)",170,201,205,805,0.9812204957359016,True,107.17436990613179,105.16168836947753,"01_Oakland, California, USA",drive,261,1.1823529411764706,1.2058823529411764,1.0199004975124377,0.9804878048780489,23.585006713867188
2,"(37.807481931575765, -122.28028026741039)",231,290,366,805,0.831537547071773,False,112.6204056919347,93.64809589929932,"02_Oakland, California, USA",drive,353,1.2554112554112553,1.5844155844155845,1.2620689655172415,0.7923497267759563,32.12300133705139
3,"(37.80936423077242, -122.2137352007491)",141,157,157,805,0.9999998859850374,True,144.18726186303599,144.18724542353073,"04_Oakland, California, USA",drive,225,1.1134751773049645,1.1134751773049645,1.0,1.0,16.023002862930298
4,"(37.737072168646584, -122.18838543235465)",139,159,177,805,0.92281866712755,False,132.83413584968218,122.58182019384363,"05_Oakland, California, USA",drive,226,1.143884892086331,1.2733812949640289,1.1132075471698113,0.8983050847457628,15.483001947402954
5,"(37.762566059604666, -122.19576775742118)",155,162,162,805,0.9999998727641889,True,130.03032391146155,130.03030736694782,"06_Oakland, California, USA",drive,230,1.0451612903225806,1.0451612903225806,1.0,1.0,14.888623476028442
6,"(37.79010362983847, -122.14281962104634)",27,29,29,805,0.9999998941750071,True,144.62646500092492,144.6264496958303,"08_Oakland, California, USA",drive,50,1.0740740740740742,1.0740740740740742,1.0,1.0,5.3521716594696045
7,"(37.789603298005176, -122.19585293975271)",198,228,249,805,0.9444442996825627,False,117.7352055663069,111.19434376905328,"09_Oakland, California, USA",drive,327,1.1515151515151516,1.2575757575757576,1.0921052631578947,0.9156626506024097,26.19164538383484
8,"(37.7774483726152, -122.1379777292247)",32,39,39,805,0.999999931512916,True,210.35535553649916,210.35534112987426,"11_Oakland, California, USA",drive,69,1.21875,1.21875,1.0,1.0,7.149156808853149
9,"(37.768626773289576, -122.14843451852614)",105,128,133,805,0.9632182840475314,False,158.98999787625348,153.14207293508554,"13_Oakland, California, USA",drive,175,1.2190476190476192,1.2666666666666666,1.0390625,0.9624060150375939,11.92128849029541
10,"(37.845379384153695, -122.22253536334318)",92,97,112,805,0.9042820399044486,True,206.75456778104964,186.96444231261015,"14_Oakland, California, USA",drive,165,1.0543478260869565,1.2173913043478262,1.1546391752577319,0.8660714285714286,16.327558279037476
11,"(37.81271345647203, -122.30143787614374)",105,116,129,805,0.9385244782179771,False,147.340704681608,138.2828579815752,"17_Oakland, California, USA",drive,171,1.1047619047619048,1.2285714285714286,1.1120689655172413,0.8992248062015504,13.119000673294067
12,"(37.820519564352274, -122.29501775947793)",95,105,137,805,0.8101851016953483,False,208.00431010890145,168.52199313865108,"20_Oakland, California, USA",drive,154,1.105263157894737,1.4421052631578948,1.3047619047619048,0.7664233576642335,11.818997383117676
13,"(37.84207588287393, -122.20634210112495)",86,90,90,805,0.9999999244057239,True,214.0180956404003,214.0180794618573,"21_Oakland, California, USA",drive,144,1.0465116279069768,1.0465116279069768,1.0,1.0,13.225998878479004
14,"(37.776226190486945, -122.20962887688405)",197,232,238,805,0.9780753671562205,False,115.97225220408359,113.42960315444286,"22_Oakland, California, USA",drive,296,1.1776649746192893,1.2081218274111676,1.0258620689655173,0.9747899159663864,22.539003372192383
15,"(37.728455696720275, -122.21604123541094)",6,11,11,805,0.9999999585660811,True,322.0332503875554,322.03323704445586,"23_Oakland, California, USA",drive,24,1.8333333333333333,1.8333333333333333,1.0,1.0,5.627179384231567
16,"(37.86633373924283, -122.22932579940657)",27,28,28,805,0.9999999495332337,True,287.3097790271909,287.30976452759546,"25_Oakland, California, USA",drive,57,1.037037037037037,1.037037037037037,1.0,1.0,9.85927700996399
17,"(37.77133965994652, -122.21011587272535)",183,216,222,805,0.9766535528392236,False,119.77186955966513,116.975621935643,"26_Oakland, California, USA",drive,286,1.180327868852459,1.2131147540983607,1.0277777777777777,0.972972972972973,23.52100110054016
18,"(37.85469528619798, -122.21549394166914)",43,52,68,805,0.7885462049968797,True,310.6490118635518,244.9610993910344,"28_Oakland, California, USA",drive,93,1.2093023255813953,1.5813953488372092,1.3076923076923077,0.7647058823529411,10.599751949310303
19,"(37.783885981498095, -122.23762743806236)",168,187,194,805,0.97189334496296,True,119.78372625647953,116.41700638353743,"29_Oakland, California, USA",drive,248,1.1130952380952381,1.1547619047619047,1.0374331550802138,0.9639175257731959,18.248002290725708
20,"(37.836602859002966, -122.2512743615366)",156,183,192,805,0.9542935015566805,True,125.39089419754968,119.65971548710293,"30_Oakland, California, USA",drive,255,1.1730769230769231,1.2307692307692308,1.0491803278688525,0.953125,19.206003665924072
21,"(37.78715679621951, -122.16582537743818)",32,38,42,805,0.9220778513502549,True,201.8250604880807,186.0984181234847,"32_Oakland, California, USA",drive,78,1.1875,1.3125,1.105263157894737,0.9047619047619047,8.562004089355469
22,"(37.842041685523846, -122.21001803400014)",75,76,76,805,0.9937694000606736,True,209.42804993116627,208.1231875359719,"33_Oakland, California, USA",drive,141,1.0133333333333334,1.0133333333333334,1.0,1.0,12.740998983383179
23,"(37.79121846499192, -122.21725541266086)",172,185,197,805,0.9647695082616696,True,116.60371273868428,112.49570660038542,"34_Oakland, California, USA",drive,288,1.0755813953488371,1.1453488372093024,1.0648648648648649,0.9390862944162437,17.88510775566101
24,"(37.74636113001155, -122.19408070656291)",61,66,84,805,0.835205912470252,False,195.48791419572208,163.2726617527444,"35_Oakland, California, USA",drive,113,1.0819672131147542,1.3770491803278688,1.2727272727272727,0.7857142857142857,9.380021095275879
25,"(37.74113965463024, -122.2058684511833)",34,39,39,805,0.9834710213021363,True,266.258815543429,261.85782925319324,"36_Oakland, California, USA",drive,67,1.1470588235294117,1.1470588235294117,1.0,1.0,6.33221435546875
26,"(37.83414188211168, -122.27306279685025)",190,232,296,805,0.8392281567673413,False,127.3165179294762,106.84760666799048,"37_Oakland, California, USA",drive,311,1.2210526315789474,1.5578947368421052,1.2758620689655173,0.7837837837837838,24.137113332748413
27,"(37.83528666112709, -122.22859147787851)",130,139,141,805,0.9878786726576373,True,144.33147793438178,142.58198884453213,"38_Oakland, California, USA",drive,197,1.0692307692307692,1.0846153846153845,1.014388489208633,0.9858156028368795,15.031997680664062
28,"(37.75011673008653, -122.2186673329201)",10,14,14,805,0.9999999570822702,True,296.55967448827596,296.559661760608,"39_Oakland, California, USA",drive,32,1.4,1.4,1.0,1.0,4.380001544952393
29,"(37.776388954631194, -122.18982952780523)",207,242,242,805,0.9999998425095772,True,111.74715956759698,111.74714196848957,"40_Oakland, California, USA",drive,307,1.1690821256038648,1.1690821256038648,1.0,1.0,22.38602328300476
30,"(37.71127461125554, -122.21296180464687)",13,16,20,805,0.8333332679878399,True,250.38837548259417,208.65696320707653,"41_Oakland, California, USA",drive,27,1.2307692307692308,1.5384615384615385,1.25,0.8,4.678981304168701
31,"(37.78833489126981, -122.2555745465154)",88,105,109,805,0.9730456995044394,True,137.2070319018745,133.50871233388742,"42_Oakland, California, USA",drive,154,1.1931818181818181,1.2386363636363635,1.0380952380952382,0.9633027522935779,10.311001062393188
32,"(37.79781563628687, -122.224660863251)",197,233,260,805,0.9184356052519979,False,115.24753711492156,105.84744150394506,"43_Oakland, California, USA",drive,326,1.1827411167512691,1.3197969543147208,1.1158798283261802,0.8961538461538462,20.359007120132446
33,"(37.82246925468525, -122.32101531481207)",7,7,7,805,0.821428556939109,True,843.0754024354326,692.526211213396,"44_Oakland, California, USA",drive,19,1.0,1.0,1.0,1.0,2.7570033073425293
34,"(37.76852792849057, -122.15212944025991)",117,140,145,805,0.9666665594396859,False,156.271911535554,151.06283106113696,"45_Oakland, California, USA",drive,194,1.1965811965811965,1.2393162393162394,1.0357142857142858,0.9655172413793103,13.004999876022339
35,"(37.786703579794995, -122.18618637080469)",163,183,205,805,0.9282575701868043,False,143.2524210365463,132.97514427476153,"46_Oakland, California, USA",drive,270,1.1226993865030674,1.2576687116564418,1.1202185792349726,0.8926829268292683,18.402597188949585
36,"(37.71963529002209, -122.20336374910599)",30,40,50,805,0.8214284935829966,False,222.20397466648328,182.5246761784437,"47_Oakland, California, USA",drive,57,1.3333333333333333,1.6666666666666667,1.25,0.8,6.329002141952515
37,"(37.745164349461824, -122.16373664156654)",192,206,206,805,0.9999998571911227,True,117.55948848619138,117.55947169765282,"48_Oakland, California, USA",drive,276,1.0729166666666667,1.0729166666666667,1.0,1.0,20.008538961410522
38,"(37.76931742429031, -122.13847729337662)",53,61,61,805,0.9999999215853997,True,194.7100670241048,194.71005175599274,"49_Oakland, California, USA",drive,103,1.150943396226415,1.150943396226415,1.0,1.0,8.585005521774292
39,"(37.82097809023636, -122.31719223914324)",14,14,18,805,0.849999976448527,True,529.8846694544228,450.40195655669487,"51_Oakland, California, USA",drive,37,1.0,1.2857142857142858,1.2857142857142858,0.7777777777777777,3.448000431060791
40,"(37.74790564833773, -122.1749326623608)",189,208,208,805,0.9999998490815957,True,116.66331665616048,116.66329904951888,"53_Oakland, California, USA",drive,262,1.1005291005291005,1.1005291005291005,1.0,1.0,19.938003301620483
41,"(37.8458374538605, -122.21273975229708)",58,61,61,805,0.9999999316454975,True,209.6276962151966,209.62768188619972,"54_Oakland, California, USA",drive,117,1.0517241379310345,1.0517241379310345,1.0,1.0,12.52599811553955
42,"(37.82204663249384, -122.26397648173108)",196,248,391,805,0.6998253513965295,False,136.76141511845944,95.70910539276251,"55_Oakland, California, USA",drive,340,1.2653061224489797,1.9948979591836735,1.5766129032258065,0.6342710997442456,26.915005683898926
43,"(37.87209043412264, -122.24371845763355)",35,46,46,805,0.9999999095885022,True,170.76328642847673,170.76327098951222,"56_Oakland, California, USA",drive,73,1.3142857142857143,1.3142857142857143,1.0,1.0,9.717001914978027
44,"(37.74076538524091, -122.15185400963037)",181,187,189,805,0.9942692043202556,True,129.1446825485293,128.40458075971821,"57_Oakland, California, USA",drive,244,1.0331491712707181,1.0441988950276244,1.0106951871657754,0.9894179894179894,17.095001459121704
45,"(37.790818490586474, -122.15712240316772)",27,33,33,805,0.9999999152065049,True,173.47623406953738,173.47621935988118,"58_Oakland, California, USA",drive,57,1.2222222222222223,1.2222222222222223,1.0,1.0,5.390001535415649
46,"(37.82130750465508, -122.26063951045856)",194,248,385,805,0.7116103528493439,False,133.31839950150373,94.87075331057487,"60_Oakland, California, USA",drive,333,1.2783505154639174,1.9845360824742269,1.5524193548387097,0.6441558441558441,26.2330219745636
47,"(37.817475419171096, -122.18435186284356)",23,26,26,805,0.9999999327148404,True,212.67826202573758,212.6782477156468,"61_Oakland, California, USA",drive,50,1.1304347826086956,1.1304347826086956,1.0,1.0,8.617982149124146
48,"(37.73370397835989, -122.13655129542508)",121,126,141,805,0.9219711393281047,False,150.81458731565712,139.04669689471433,"62_Oakland, California, USA",drive,173,1.0413223140495869,1.165289256198347,1.119047619047619,0.8936170212765957,11.862001419067383
49,"(37.80695166300246, -122.22116178126853)",175,214,225,805,0.9667993265310727,True,120.9846161174534,116.9678453829743,"65_Oakland, California, USA",drive,293,1.2228571428571429,1.2857142857142858,1.0514018691588785,0.9511111111111111,20.626019716262817
50,"(37.79127740637623, -122.24664866013019)",187,210,212,805,0.9880158240701098,True,116.5864139765506,115.1892218804206,"66_Oakland, California, USA",drive,255,1.1229946524064172,1.1336898395721926,1.0095238095238095,0.9905660377358491,20.26698350906372
51,"(37.71106561125392, -122.2167622776777)",8,9,9,805,0.9999999598021044,True,298.2380737591085,298.23806177056554,"67_Oakland, California, USA",drive,23,1.125,1.125,1.0,1.0,2.7060022354125977
52,"(37.86420681045377, -122.23111139983314)",34,35,35,805,0.9999999468165703,True,271.16821106152616,271.1681966398707,"68_Oakland, California, USA",drive,68,1.0294117647058822,1.0294117647058822,1.0,1.0,9.480000495910645
53,"(37.73692209226623, -122.20944442428478)",29,34,34,805,0.9999999243859811,True,194.76249970595075,194.7624849791754,"70_Oakland, California, USA",drive,55,1.1724137931034482,1.1724137931034482,1.0,1.0,5.897019386291504
54,"(37.720569418335664, -122.21737418779978)",8,9,9,805,0.9999999657313058,True,333.02776550224104,333.0277540898144,"71_Oakland, California, USA",drive,25,1.125,1.125,1.0,1.0,3.272980213165283
55,"(37.75810088313347, -122.19569348672542)",130,137,145,805,0.9616121536171095,False,130.64648343199292,125.63124629554072,"72_Oakland, California, USA",drive,189,1.0538461538461539,1.1153846153846154,1.0583941605839415,0.9448275862068967,12.659001588821411
56,"(37.782686674741825, -122.15885302024348)",31,36,38,805,0.9612902491151748,True,189.34508080325827,182.01557989409704,"74_Oakland, California, USA",drive,79,1.1612903225806452,1.2258064516129032,1.0555555555555556,0.9473684210526315,7.060996770858765
57,"(37.79236763309082, -122.15706741494202)",26,33,33,805,0.9999999166239839,True,177.4790267801462,177.479011982652,"76_Oakland, California, USA",drive,57,1.2692307692307692,1.2692307692307692,1.0,1.0,6.166999101638794
58,"(37.752944947672226, -122.19457663723121)",97,103,111,805,0.9494948454134396,False,157.98176995105808,150.00287623782148,"77_Oakland, California, USA",drive,157,1.0618556701030928,1.1443298969072164,1.0776699029126213,0.927927927927928,10.86000108718872
59,"(37.817042749357775, -122.23718885283354)",180,191,192,805,0.9940028629107837,True,130.37704038556356,129.59515140108505,"78_Oakland, California, USA",drive,246,1.0611111111111111,1.0666666666666667,1.0052356020942408,0.9947916666666667,19.939000368118286
60,"(37.74964788713209, -122.17379438653388)",195,215,215,805,0.9999998494898504,True,117.17080182521407,117.17078418981916,"79_Oakland, California, USA",drive,267,1.1025641025641026,1.1025641025641026,1.0,1.0,19.470003128051758
61,"(37.802805485587406, -122.23418643559559)",193,237,254,805,0.9419278447936752,False,120.24475034175984,113.26187853716739,"80_Oakland, California, USA",drive,300,1.2279792746113989,1.3160621761658031,1.0717299578059072,0.9330708661417323,23.335022449493408
62,"(37.8060860081124, -122.19367522124091)",95,112,116,805,0.9670587304764444,True,162.67792820233188,157.31911072388525,"81_Oakland, California, USA",drive,188,1.1789473684210525,1.2210526315789474,1.0357142857142858,0.9655172413793103,12.786985397338867
63,"(37.849755428071155, -122.23903249908592)",150,164,188,805,0.9003435425158637,False,170.73413865788638,153.7193792276361,"82_Oakland, California, USA",drive,233,1.0933333333333333,1.2533333333333334,1.146341463414634,0.8723404255319149,18.341004371643066
64,"(37.778668540626995, -122.19337887686983)",206,255,268,805,0.9681816645049474,False,114.69145469611489,111.04216351217828,"83_Oakland, California, USA",drive,325,1.2378640776699028,1.3009708737864079,1.0509803921568628,0.9514925373134328,22.233020305633545
65,"(37.72144074145224, -122.19385373033397)",34,46,53,805,0.8986485812263162,False,233.66942795445777,209.98669990723837,"84_Oakland, California, USA",drive,75,1.3529411764705883,1.5588235294117647,1.1521739130434783,0.8679245283018868,5.635998725891113
66,"(37.740504283022794, -122.16923364772312)",180,188,190,805,0.9906913496803965,True,121.11754760228398,119.99010670408639,"85_Oakland, California, USA",drive,257,1.0444444444444445,1.0555555555555556,1.0106382978723405,0.9894736842105263,17.283003091812134
67,"(37.8264579350309, -122.3043362678446)",27,28,47,805,0.5669290953664435,True,439.81124595202834,249.34179179957184,"86_Oakland, California, USA",drive,49,1.037037037037037,1.7407407407407407,1.6785714285714286,0.5957446808510638,6.435004234313965
68,"(37.817841122934404, -122.28143378445395)",202,257,271,805,0.9657078050065141,True,109.23623877917099,105.49028837860067,"87_Oakland, California, USA",drive,321,1.2722772277227723,1.3415841584158417,1.0544747081712063,0.9483394833948339,26.5970401763916
69,"(37.83468303210328, -122.19317008639204)",97,103,103,805,0.9999999268666618,True,225.5618914798625,225.56187498376843,"88_Oakland, California, USA",drive,152,1.0618556701030928,1.0618556701030928,1.0,1.0,13.258963108062744
70,"(37.77243745821078, -122.18430553639482)",191,219,219,805,0.9999998535918844,True,120.02534131627411,120.02532374359006,"89_Oakland, California, USA",drive,278,1.1465968586387434,1.1465968586387434,1.0,1.0,19.219881057739258
71,"(37.84356262332561, -122.28242852065165)",200,264,266,805,0.9932959243208755,True,106.82940212527055,106.11320972866712,"90_Oakland, California, USA",drive,329,1.32,1.33,1.0075757575757576,0.9924812030075189,25.942004919052124
72,"(37.75323580136095, -122.18557495032793)",151,163,164,805,0.9952530342643905,False,127.83719975740355,127.23036095041888,"91_Oakland, California, USA",drive,225,1.0794701986754967,1.086092715231788,1.0061349693251533,0.9939024390243902,14.949003458023071
73,"(37.816847249884916, -122.32048322207632)",7,7,7,805,0.9230769063747607,True,744.2235903470372,686.9756094286603,"92_Oakland, California, USA",drive,19,1.0,1.0,1.0,1.0,2.8440024852752686
74,"(37.79522303119234, -122.31035399116362)",10,11,11,805,0.9999999511170766,True,298.1506704138349,298.15065583935854,"93_Oakland, California, USA",drive,22,1.1,1.1,1.0,1.0,3.7889983654022217
75,"(37.821811226766485, -122.2109254267682)",112,127,135,805,0.955752119300889,True,175.8563585024024,168.075087331208,"94_Oakland, California, USA",drive,186,1.1339285714285714,1.2053571428571428,1.062992125984252,0.9407407407407407,16.545005083084106
76,"(37.783383999722524, -122.20193690302997)",194,212,218,805,0.9798993647092382,True,126.37593155163948,123.83569504198971,"95_Oakland, California, USA",drive,300,1.092783505154639,1.1237113402061856,1.028301886792453,0.9724770642201834,19.603000164031982
77,"(37.81742632534302, -122.28460801335932)",193,231,235,805,0.9917451366555396,True,116.26073238322847,115.30101592507805,"96_Oakland, California, USA",drive,297,1.1968911917098446,1.217616580310881,1.0173160173160174,0.9829787234042553,24.719003677368164
78,"(37.73995346145359, -122.12786409649605)",13,13,13,805,0.9999999580854341,True,233.36546831281683,233.36545853140453,"97_Oakland, California, USA",drive,42,1.0,1.0,1.0,1.0,5.995000123977661
79,"(37.82441040631624, -122.30363097979622)",28,29,51,805,0.5985401065546755,True,420.5261716091129,251.70177956394818,"101_Oakland, California, USA",drive,55,1.0357142857142858,1.8214285714285714,1.7586206896551724,0.5686274509803921,6.658005714416504
80,"(37.773708028564904, -122.14838409408857)",84,104,106,805,0.9832401161755573,True,151.35783268929956,148.82109299750746,"102_Oakland, California, USA",drive,154,1.2380952380952381,1.2619047619047619,1.0192307692307692,0.9811320754716982,11.182996273040771
81,"(37.82429671561286, -122.25862059314382)",209,258,347,805,0.7993919554820363,False,127.96175504857537,102.291597595194,"103_Oakland, California, USA",drive,326,1.2344497607655502,1.6602870813397128,1.3449612403100775,0.7435158501440923,28.998995304107666
82,"(37.763021631886325, -122.18007560868446)",174,200,200,805,0.9999998699726219,True,128.17709504825507,128.17707838172348,"104_Oakland, California, USA",drive,260,1.1494252873563218,1.1494252873563218,1.0,1.0,18.991000413894653
83,"(37.827226984707075, -122.26545754853541)",181,219,364,805,0.6842582978765912,False,149.0990290798068,102.02224785320097,"105_Oakland, California, USA",drive,307,1.2099447513812154,2.0110497237569063,1.6621004566210045,0.6016483516483517,25.0640070438385
84,"(37.787455512512736, -122.17482365859607)",81,84,99,805,0.8786981379690141,False,184.9605426422451,162.5244844174792,"106_Oakland, California, USA",drive,140,1.037037037037037,1.2222222222222223,1.1785714285714286,0.8484848484848485,11.24199891090393
85,"(37.808743946612616, -122.25894732234563)",144,180,180,805,0.9962823799692492,True,117.31072385103455,116.87460715422407,"107_Oakland, California, USA",drive,234,1.25,1.25,1.0,1.0,19.599003076553345
86,"(37.7142790757353, -122.2078097683146)",19,23,27,805,0.8666666004337269,True,258.81251567342747,224.30416310839004,"109_Oakland, California, USA",drive,34,1.2105263157894737,1.4210526315789473,1.173913043478261,0.8518518518518517,3.488996982574463
87,"(37.74015262445967, -122.15612729777331)",190,194,196,805,0.9973613350693579,True,119.93664756964102,119.62017494380022,"110_Oakland, California, USA",drive,255,1.0210526315789474,1.0315789473684212,1.0103092783505154,0.9897959183673469,18.522005319595337
88,"(37.803089661984586, -122.27249533304308)",270,311,421,805,0.7703178613456454,False,114.14619205730222,87.92885054633034,"111_Oakland, California, USA",drive,382,1.151851851851852,1.5592592592592593,1.3536977491961415,0.7387173396674585,34.14900755882263
89,"(37.745554888874864, -122.14425375725934)",83,85,87,805,0.9878786788071658,True,149.26474666788317,147.45546073075474,"112_Oakland, California, USA",drive,135,1.0240963855421688,1.0481927710843373,1.0235294117647058,0.9770114942528736,10.062999963760376
90,"(37.74790321137155, -122.16666281047061)",197,213,213,805,0.9999998474177856,True,113.21383144402174,113.21381416960463,"113_Oakland, California, USA",drive,277,1.0812182741116751,1.0812182741116751,1.0,1.0,19.176000833511353
91,"(37.826328852562376, -122.20983401564033)",113,132,150,805,0.9199999085214312,False,183.1060904770336,168.45758648858782,"115_Oakland, California, USA",drive,197,1.168141592920354,1.3274336283185841,1.1363636363636365,0.8799999999999999,16.836002111434937
92,"(37.87087880387025, -122.21760256865177)",5,5,5,805,0.9999999852043333,True,813.2889102146814,813.2888981815298,"116_Oakland, California, USA",drive,15,1.0,1.0,1.0,1.0,5.276000261306763
93,"(37.76898873497395, -122.18685957346608)",190,210,210,805,0.9999998607144054,True,124.7667593112235,124.76674193301123,"118_Oakland, California, USA",drive,271,1.105263157894737,1.105263157894737,1.0,1.0,19.039000749588013
94,"(37.743565651970385, -122.14814900192118)",143,149,156,805,0.9720278501643492,False,137.31997912705214,133.4788440954818,"119_Oakland, California, USA",drive,208,1.0419580419580419,1.0909090909090908,1.0469798657718121,0.9551282051282051,13.504002094268799
95,"(37.84909338337351, -122.23731588590957)",130,142,167,805,0.8922494325497651,False,174.98145634249258,156.1271051283205,"121_Oakland, California, USA",drive,215,1.0923076923076922,1.2846153846153847,1.176056338028169,0.8502994011976048,16.592004776000977
96,"(37.805239671757896, -122.25491621298346)",161,189,193,805,0.9801978608610595,True,108.03256456480388,105.89328868975507,"122_Oakland, California, USA",drive,247,1.173913043478261,1.1987577639751552,1.0211640211640212,0.9792746113989638,20.346001386642456
97,"(37.775124233782414, -122.18318845377837)",179,202,202,805,0.9999998546297478,True,120.08067765325684,120.08066019709845,"123_Oakland, California, USA",drive,262,1.1284916201117319,1.1284916201117319,1.0,1.0,18.138018131256104
98,"(37.760589225939995, -122.16422155048907)",143,149,149,805,0.9999998802877552,True,134.1940122911065,134.19399622644005,"124_Oakland, California, USA",drive,221,1.0419580419580419,1.0419580419580419,1.0,1.0,14.482982397079468
99,"(37.727177290578275, -122.2023982356884)",48,74,80,805,0.940886612319931,False,191.35371673170775,180.0421502905242,"127_Oakland, California, USA",drive,103,1.5416666666666667,1.6666666666666667,1.0810810810810811,0.9249999999999999,6.710000514984131
100,"(37.78906942637724, -122.14904802146054)",33,38,38,805,0.9999998924895548,True,142.25682588115774,142.25681058706306,"128_Oakland, California, USA",drive,65,1.1515151515151516,1.1515151515151516,1.0,1.0,5.173997163772583
101,"(37.72272709192036, -122.25145233524674)",1,2,2,805,0.9999999806703305,True,471.0016473206287,471.00163821632253,"129_Oakland, California, USA",drive,6,2.0,2.0,1.0,1.0,3.100999355316162
102,"(37.80875935191046, -122.27621523041772)",238,300,353,805,0.8878877158677504,False,104.5905476020688,92.86466241175808,"130_Oakland, California, USA",drive,362,1.2605042016806722,1.4831932773109244,1.1766666666666667,0.8498583569405098,31.094005584716797
103,"(37.84875263299722, -122.23818994488316)",142,153,177,805,0.8956833525753131,False,167.48288170479822,150.01162898432824,"131_Oakland, California, USA",drive,219,1.0774647887323943,1.2464788732394365,1.1568627450980393,0.8644067796610169,15.947002410888672
104,"(37.80925013047786, -122.18298942869056)",25,38,38,805,0.9999999347527574,True,233.1569301837257,233.15691497087892,"132_Oakland, California, USA",drive,63,1.52,1.52,1.0,1.0,7.0580103397369385
105,"(37.81127753943605, -122.2035221487803)",107,113,117,805,0.9677418439901814,True,170.7390165452799,165.23129071259925,"133_Oakland, California, USA",drive,187,1.0560747663551402,1.0934579439252337,1.0353982300884956,0.9658119658119657,13.12099003791809
106,"(37.79634118772065, -122.20787788458766)",172,191,211,805,0.9285712981275778,False,130.43061292947237,121.1141235634958,"134_Oakland, California, USA",drive,269,1.1104651162790697,1.2267441860465116,1.1047120418848169,0.90521327014218,16.97100567817688
107,"(37.85380947701484, -122.23185735192617)",97,102,121,805,0.873737296881516,True,212.766751929442,185.90224669709073,"135_Oakland, California, USA",drive,167,1.0515463917525774,1.2474226804123711,1.1862745098039216,0.8429752066115702,12.927998304367065
108,"(37.740226289802315, -122.16283365932851)",184,191,191,805,0.999999859582028,True,120.63842055731169,120.63840361750933,"136_Oakland, California, USA",drive,259,1.0380434782608696,1.0380434782608696,1.0,1.0,16.86700415611267
109,"(37.88196900657018, -122.24237096817394)",20,21,21,805,0.9999999485299692,True,278.9334901729666,278.93347581625125,"140_Oakland, California, USA",drive,42,1.05,1.05,1.0,1.0,6.021998405456543
110,"(37.750865007477245, -122.21943820749539)",11,13,13,805,0.9999999587959726,True,306.4937712522054,306.49375862342765,"141_Oakland, California, USA",drive,31,1.1818181818181819,1.1818181818181819,1.0,1.0,4.300001859664917
111,"(37.80144033117594, -122.18618580566347)",116,138,142,805,0.9793387391146913,False,154.9033285998351,151.7028305156312,"142_Oakland, California, USA",drive,208,1.1896551724137931,1.2241379310344827,1.0289855072463767,0.971830985915493,12.582003593444824
112,"(37.75573421954581, -122.16404720071125)",163,176,176,805,0.9999998673329142,True,123.09544692803263,123.09543059731841,"143_Oakland, California, USA",drive,249,1.0797546012269938,1.0797546012269938,1.0,1.0,15.202000856399536
113,"(37.72099188833869, -122.200486438717)",37,51,61,805,0.8639455061664699,False,236.2171658529165,204.07875891800694,"144_Oakland, California, USA",drive,74,1.3783783783783783,1.6486486486486487,1.196078431372549,0.8360655737704918,5.669003486633301
114,"(37.77215469492583, -122.16908630614815)",131,148,150,805,0.988742855462096,True,153.9696206508173,152.2363623767048,"145_Oakland, California, USA",drive,207,1.1297709923664123,1.1450381679389312,1.0135135135135136,0.9866666666666666,13.419999122619629
115,"(37.727499337398605, -122.22167064427794)",8,10,10,805,0.9999999674664052,True,369.3391905777933,369.33917856186173,"146_Oakland, California, USA",drive,24,1.25,1.25,1.0,1.0,3.838000774383545
116,"(37.7466047318509, -122.14484663052461)",91,96,102,805,0.9679998857058327,False,141.87039535465888,137.3305264883511,"148_Oakland, California, USA",drive,146,1.054945054945055,1.120879120879121,1.0625,0.9411764705882353,9.380000352859497
117,"(37.81623333850915, -122.32157595376756)",6,6,6,805,0.9999999838512135,True,762.5861029231903,762.5860906083501,"149_Oakland, California, USA",drive,18,1.0,1.0,1.0,1.0,2.705002784729004
118,"(37.76578847126049, -122.14217031537318)",91,112,115,805,0.9790574919982226,True,169.29776019821264,165.75224050057858,"150_Oakland, California, USA",drive,153,1.2307692307692308,1.2637362637362637,1.0267857142857142,0.9739130434782609,10.516000270843506
119,"(37.876744227945224, -122.23442997463897)",2,2,2,805,0.9999999921285836,True,849.4690862095334,849.4690795230085,"152_Oakland, California, USA",drive,12,1.0,1.0,1.0,1.0,4.587999582290649
120,"(37.802600958546506, -122.32949685665028)",3,4,4,805,0.9999999762229553,True,673.6907057164306,673.6906896980565,"153_Oakland, California, USA",drive,6,1.3333333333333333,1.3333333333333333,1.0,1.0,2.155001640319824
121,"(37.833970618390694, -122.25958587942154)",206,249,312,805,0.8487153697285962,False,118.96437842316072,100.96689641794548,"154_Oakland, California, USA",drive,339,1.2087378640776698,1.5145631067961165,1.2530120481927711,0.798076923076923,25.272136449813843
122,"(37.82658265397455, -122.30964708669327)",24,24,40,805,0.5982142499897112,True,446.23862079352756,266.9463018544432,"155_Oakland, California, USA",drive,43,1.0,1.6666666666666667,1.6666666666666667,0.6,5.5111916065216064
123,"(37.79913389583837, -122.2639607145666)",177,193,241,805,0.8333331820236796,False,117.94457151004254,98.28712507888316,"156_Oakland, California, USA",drive,247,1.0903954802259888,1.3615819209039548,1.2487046632124352,0.8008298755186722,19.621002435684204
124,"(37.73415536087327, -122.19866356052287)",79,102,112,805,0.9144735846165372,False,170.82653956021218,156.21635797926592,"157_Oakland, California, USA",drive,137,1.2911392405063291,1.4177215189873418,1.0980392156862746,0.9107142857142856,8.055001735687256
125,"(37.72061493725078, -122.24154641679827)",3,6,6,805,0.9999999652242232,True,424.9103623649377,424.9103475883498,"158_Oakland, California, USA",drive,10,2.0,2.0,1.0,1.0,3.2870211601257324
126,"(37.756155453394214, -122.12980736734606)",58,62,62,805,0.9999999033856173,True,160.46357810026615,160.4635625971766,"159_Oakland, California, USA",drive,109,1.0689655172413792,1.0689655172413792,1.0,1.0,6.767981052398682
127,"(37.85885399950193, -122.2257127778035)",70,79,79,805,0.9999999295195142,True,221.5812759520509,221.58126033489492,"160_Oakland, California, USA",drive,134,1.1285714285714286,1.1285714285714286,1.0,1.0,9.952001094818115
128,"(37.80219292322585, -122.30278398266663)",54,63,73,805,0.9007632694901493,True,181.38680662327945,163.38657297636266,"161_Oakland, California, USA",drive,99,1.1666666666666667,1.3518518518518519,1.1587301587301588,0.8630136986301369,6.886001348495483
129,"(37.80152651041653, -122.28069545091992)",197,245,357,805,0.7347345825520406,False,117.98041625317167,86.68429188509008,"164_Oakland, California, USA",drive,314,1.2436548223350254,1.8121827411167513,1.457142857142857,0.6862745098039216,24.242005586624146
130,"(37.82827872407359, -122.2772547758922)",178,227,306,805,0.7947367092788045,False,134.86427459076762,107.18158978753975,"165_Oakland, California, USA",drive,295,1.2752808988764044,1.7191011235955056,1.3480176211453745,0.7418300653594772,23.935000896453857
131,"(37.74119648802763, -122.19418653914671)",80,87,97,805,0.9087947001544416,True,185.69815329029473,168.76149753868694,"167_Oakland, California, USA",drive,129,1.0875,1.2125,1.1149425287356323,0.8969072164948453,8.218495845794678
132,"(37.76791226237536, -122.17068338848804)",155,173,173,805,0.999999873742215,True,134.505706205108,134.50568922271546,"168_Oakland, California, USA",drive,229,1.1161290322580646,1.1161290322580646,1.0,1.0,14.994803428649902
133,"(37.788531315504045, -122.23236727161198)",182,195,196,805,0.9974125322951695,True,118.80913325782734,118.50171846248381,"169_Oakland, California, USA",drive,266,1.0714285714285714,1.0769230769230769,1.005128205128205,0.9948979591836735,17.570982933044434
134,"(37.84681459193056, -122.25159293934249)",182,211,242,805,0.9027609739764015,False,128.5596835520876,116.05866513758056,"170_Oakland, California, USA",drive,286,1.1593406593406594,1.3296703296703296,1.146919431279621,0.871900826446281,20.32800316810608
135,"(37.742240240758576, -122.1393113262421)",79,83,89,805,0.9587019664410733,True,155.18616663376605,148.77728311624358,"172_Oakland, California, USA",drive,133,1.0506329113924051,1.1265822784810127,1.072289156626506,0.9325842696629213,8.346649169921875
136,"(37.817620846728055, -122.20996719389674)",126,144,150,805,0.9700853629776118,True,158.63508550798957,153.88957450600256,"173_Oakland, California, USA",drive,201,1.1428571428571428,1.1904761904761905,1.0416666666666667,0.96,15.564998149871826
137,"(37.7667172589208, -122.20673041120529)",147,170,170,805,0.9999998520216987,True,117.7925604800521,117.7925430493091,"174_Oakland, California, USA",drive,224,1.1564625850340136,1.1564625850340136,1.0,1.0,14.167000770568848
138,"(37.75544305704481, -122.14318998977681)",66,67,74,805,0.931818106100085,True,207.55977252009254,193.40795413223708,"175_Oakland, California, USA",drive,118,1.0151515151515151,1.121212121212121,1.1044776119402986,0.9054054054054054,8.125000476837158
139,"(37.76569953846963, -122.21152592984092)",114,128,138,805,0.9411763599335008,False,145.34867841627266,136.7987400729725,"176_Oakland, California, USA",drive,198,1.1228070175438596,1.2105263157894737,1.078125,0.927536231884058,12.045002222061157
140,"(37.84867297142531, -122.20516848045081)",36,38,38,805,0.9999999440388379,True,267.56475051879,267.5647355455556,"177_Oakland, California, USA",drive,70,1.0555555555555556,1.0555555555555556,1.0,1.0,7.524751424789429
141,"(37.788086614671386, -122.21140035743201)",176,187,195,805,0.9728995957055183,True,123.54053759847663,120.1925390828003,"179_Oakland, California, USA",drive,283,1.0625,1.1079545454545454,1.0427807486631016,0.958974358974359,15.824029684066772
142,"(37.767575725892556, -122.12716433515166)",28,32,32,805,0.9999999197660409,True,178.19625486148536,178.19624056409432,"181_Oakland, California, USA",drive,66,1.1428571428571428,1.1428571428571428,1.0,1.0,5.0170018672943115
143,"(37.82282317196985, -122.30943475474145)",26,27,45,805,0.588709641981652,True,474.63152133861627,279.4201530004636,"182_Oakland, California, USA",drive,47,1.0384615384615385,1.7307692307692308,1.6666666666666667,0.6,4.454005241394043
144,"(37.78529389267578, -122.14960140680977)",42,46,46,805,0.9999999053949168,True,160.03813226230324,160.0381171218824,"183_Oakland, California, USA",drive,80,1.0952380952380953,1.0952380952380953,1.0,1.0,6.069002628326416
145,"(37.74369634225464, -122.1818961416521)",142,158,158,805,0.9999998503887376,True,115.24203869094391,115.24202144943703,"184_Oakland, California, USA",drive,212,1.1126760563380282,1.1126760563380282,1.0,1.0,12.44756817817688
146,"(37.80245707169918, -122.24838067185931)",196,219,223,805,0.9788292340532145,True,112.32309737257249,109.94513136767976,"186_Oakland, California, USA",drive,275,1.1173469387755102,1.1377551020408163,1.0182648401826484,0.9820627802690582,19.927003622055054
147,"(37.810517302293704, -122.24764153453624)",200,217,229,805,0.947506422971747,False,126.49298834289716,119.85291891578538,"187_Oakland, California, USA",drive,280,1.085,1.145,1.055299539170507,0.9475982532751092,19.821004390716553
148,"(37.80870357286553, -122.1914620097622)",59,72,76,805,0.9562042948676411,True,177.80837094696167,170.02112796290345,"188_Oakland, California, USA",drive,126,1.2203389830508475,1.2881355932203389,1.0555555555555556,0.9473684210526315,9.689000368118286
149,"(37.83865746076234, -122.27855792037448)",193,245,245,805,0.9999998447504235,True,110.80422145213119,110.80420424982273,"190_Oakland, California, USA",drive,310,1.2694300518134716,1.2694300518134716,1.0,1.0,23.561004877090454
150,"(37.82461436359332, -122.20789303126688)",118,137,145,805,0.9629628730416672,False,180.0824591908978,173.41272228687572,"191_Oakland, California, USA",drive,204,1.1610169491525424,1.228813559322034,1.0583941605839415,0.9448275862068967,15.462005853652954
151,"(37.80660166655851, -122.21124339804412)",137,149,149,805,0.9999998795183955,True,137.5331933275884,137.5331767573686,"192_Oakland, California, USA",drive,214,1.0875912408759123,1.0875912408759123,1.0,1.0,14.359997034072876
152,"(37.81573287522454, -122.17994371060134)",10,15,15,805,0.9999999498274891,True,292.47214853321367,292.4721338591516,"194_Oakland, California, USA",drive,28,1.5,1.5,1.0,1.0,4.951000213623047
153,"(37.845749790060005, -122.27618753725184)",208,299,299,805,0.9999998306981444,True,101.75486336178658,101.75484613449939,"195_Oakland, California, USA",drive,372,1.4375,1.4375,1.0,1.0,28.642003536224365
154,"(37.779310528390134, -122.19739090599214)",210,256,265,805,0.9801542010586416,True,110.51736619306503,108.32406076406897,"196_Oakland, California, USA",drive,337,1.2190476190476192,1.2619047619047619,1.03515625,0.9660377358490566,21.496007442474365
155,"(37.80514081124317, -122.27631952288006)",254,297,380,805,0.8220337445122899,False,114.90458027421633,94.45544238442706,"197_Oakland, California, USA",drive,375,1.169291338582677,1.4960629921259843,1.2794612794612794,0.781578947368421,31.85000205039978
156,"(37.846836760962034, -122.20262380575033)",37,40,40,805,0.9999999482053552,True,304.59184486025765,304.59182908403125,"198_Oakland, California, USA",drive,71,1.0810810810810811,1.0810810810810811,1.0,1.0,7.760213851928711
157,"(37.79125982809685, -122.15764353416255)",29,36,36,805,0.999999911258658,True,173.0610974710022,173.06108211332815,"199_Oakland, California, USA",drive,61,1.2413793103448276,1.2413793103448276,1.0,1.0,5.393999814987183
